{
    "average_similarity": 0.7796116618990149,
    "std_similarity": 0.09042158076327499
}