{
    "average_similarity": 0.7663709322235199,
    "std_similarity": 0.10322783415686955
}