{
    "average_similarity": 0.7696673535984973,
    "std_similarity": 0.10029359257922499
}