{
    "average_similarity": 0.7696273523306697,
    "std_similarity": 0.10064369629829081
}