{
    "average_similarity": 0.7805274060805036,
    "std_similarity": 0.09720004649167444
}