{
    "average_similarity": 0.7625804585855712,
    "std_similarity": 0.09165468458794208
}