{
    "average_similarity": 0.7787665289036835,
    "std_similarity": 0.09562745412295598
}