{
    "average_similarity": 0.7603519332198713,
    "std_similarity": 0.09186630746390698
}