{
    "full_text_aggregation": 0.34500524605893845,
    "min_partial_aggregation": 0.24089055669111042,
    "partial_aggregation": 0.27809675966252245
}