{
    "full_text_aggregation": 0.3343764603510499,
    "min_partial_aggregation": 0.24031865250319243,
    "partial_aggregation": 0.27871254927241984
}