{
    "full_text_aggregation": 0.338235325246268,
    "min_partial_aggregation": 0.2362439740686381,
    "partial_aggregation": 0.2733687998632333
}