{
    "full_text_aggregation": 0.34586512074252673,
    "min_partial_aggregation": 0.24241912550278727,
    "partial_aggregation": 0.28077377582023705
}