{
    "full_text_aggregation": 0.34812311229445936,
    "min_partial_aggregation": 0.24185145167570152,
    "partial_aggregation": 0.27775312596911467
}