{
    "full_text_aggregation": 0.34674001803076027,
    "min_partial_aggregation": 0.23509917903051833,
    "partial_aggregation": 0.27651400330541887
}