{
    "full_text_aggregation": 0.33854965415589494,
    "min_partial_aggregation": 0.2378000557459984,
    "partial_aggregation": 0.27510532177022107
}