{
    "full_text_aggregation": 0.3386233855920083,
    "min_partial_aggregation": 0.23998038074437608,
    "partial_aggregation": 0.2785758476951795
}