{
    "full_text_aggregation": 0.34576666664082545,
    "min_partial_aggregation": 0.2390294451968257,
    "partial_aggregation": 0.2757653694573285
}