{
    "full_text_aggregation": 0.33453048956125303,
    "min_partial_aggregation": 0.22934949965704055,
    "partial_aggregation": 0.2705331975747879
}