{
    "full_text_aggregation": 0.34450314918352104,
    "min_partial_aggregation": 0.2336226821058485,
    "partial_aggregation": 0.2729539155978548
}