{
    "full_text_aggregation": 0.3395155856395187,
    "min_partial_aggregation": 0.23455712388283642,
    "partial_aggregation": 0.2731436928335293
}