{
    "full_text_aggregation": 0.3472384627236695,
    "min_partial_aggregation": 0.2388586615779511,
    "partial_aggregation": 0.27611498383870076
}