{
    "full_text_aggregation": 0.3382426788196588,
    "min_partial_aggregation": 0.23716536929072227,
    "partial_aggregation": 0.2746040197271088
}