{
    "full_text_aggregation": 0.33575673182111726,
    "min_partial_aggregation": 0.22982909259133208,
    "partial_aggregation": 0.2686580408508794
}