{
    "full_text_aggregation": 0.34361978799292126,
    "min_partial_aggregation": 0.2434037524199336,
    "partial_aggregation": 0.2812460903689118
}