{
    "average_similarity": 0.7669316076844902,
    "std_similarity": 0.10119674353300896
}