{
    "average_similarity": 0.7642134909938186,
    "std_similarity": 0.09846040351418099
}