{
    "average_similarity": 0.42643287513491396,
    "std_similarity": 0.09529906045381357
}