{
    "full_text_aggregation": 0.3405823764894538,
    "min_partial_aggregation": 0.2346805378537794,
    "partial_aggregation": 0.27035165479163986
}