{
    "full_text_aggregation": 0.34084814469538693,
    "min_partial_aggregation": 0.23469902627636116,
    "partial_aggregation": 0.27297883661218747
}