{
    "average_similarity": 0.7859465285223357,
    "std_similarity": 0.10813890986353154
}