{
    "average_similarity": 0.7668181159577298,
    "std_similarity": 0.09393484835354962
}