{
    "average_similarity": 0.7453384493187807,
    "std_similarity": 0.10263600926596628
}