{
    "average_similarity": 0.7574964171076052,
    "std_similarity": 0.10592174178657203
}