{
    "average_similarity": 0.7725633374802299,
    "std_similarity": 0.09451625348681747
}