{
    "average_similarity": 0.7884132225497239,
    "std_similarity": 0.10200550558990688
}