{
    "average_similarity": 0.7800403774088743,
    "std_similarity": 0.10289054020352302
}