{
    "average_similarity": 0.6526128586530685,
    "std_similarity": 0.09281532743261194
}