{
    "average_similarity": 0.7541419084678983,
    "std_similarity": 0.10657856603114992
}