{
    "average_similarity": 0.7660904288244924,
    "std_similarity": 0.10043787464188676
}