{
    "full_text_aggregation": 0.3564730965908382,
    "min_partial_aggregation": 0.26648402465364596,
    "partial_aggregation": 0.28712910806414693
}