{
    "full_text_aggregation": 0.34092364236465006,
    "min_partial_aggregation": 0.23647485812941854,
    "partial_aggregation": 0.27102929263983583
}