{
    "full_text_aggregation": 0.34885680622288157,
    "min_partial_aggregation": 0.25896779271366244,
    "partial_aggregation": 0.27746306285313105
}