{
    "full_text_aggregation": 0.3403374371460721,
    "min_partial_aggregation": 0.2324275194089624,
    "partial_aggregation": 0.27033481703049544
}