{
    "full_text_aggregation": 0.3356903536172565,
    "min_partial_aggregation": 0.24254917563147144,
    "partial_aggregation": 0.2825166666574802
}