{
    "full_text_aggregation": 0.34950620677239647,
    "min_partial_aggregation": 0.26121643282079615,
    "partial_aggregation": 0.2783935024345027
}