{
    "full_text_aggregation": 0.3356546895236385,
    "min_partial_aggregation": 0.2376837704558762,
    "partial_aggregation": 0.2787061740093085
}