{
    "full_text_aggregation": 0.3511059048175812,
    "min_partial_aggregation": 0.18011414946615695,
    "partial_aggregation": 0.2483904391523822
}