{
    "full_text_aggregation": 0.33910742334123545,
    "min_partial_aggregation": 0.24247239252449246,
    "partial_aggregation": 0.28082642677080055
}