{
    "full_text_aggregation": 0.3162861339456771,
    "min_partial_aggregation": 0.2406549581014395,
    "partial_aggregation": 0.26991563987924244
}